CO-BRANCH;OFFICE;PRODUCT;GROUP;Dec-24;Jan-25;Feb-25;Mar-25;Apr-25;May-25;Jun-25;Jul-25;Aug-25;Sep-25;Oct-25;Nov-25;Dec-25;Jan-26;Feb-26;Mar-26;Apr-26;May-26;Jun-26
211 - MEDAN BALAIKOTA;211 - MEDAN BALAIKOTA;CICIL_EMAS;Consumer;6;162;281;571;874;301;648;237;460;1.004;1.268;1.323;4.628;2.090;2.076;4.145;1.876;299;244
211 - MEDAN BALAIKOTA;211 - MEDAN BALAIKOTA;KPR;Consumer;0;0;0;0;0;0;1.294;543;450;0;1.263;0;150;1.070;0;0;654;0;0
211 - MEDAN BALAIKOTA;211 - MEDAN BALAIKOTA;MULTIGUNA;Consumer;1.270;75;200;175;0;150;0;228;100;0;0;0;370;0;75;150;0;60;0
211 - MEDAN BALAIKOTA;211 - MEDAN BALAIKOTA;PROHAJJ;Consumer;0;0;0;0;0;0;0;560;270;630;560;350;210;630;140;0;0;428;0
211 - MEDAN BALAIKOTA;211 - MEDAN BALAIKOTA;SME;SME;0;0;0;0;0;0;0;0;0;0;0;0;0;0;0;0;0;0;0
482 - MEDAN BARU;214 - KCP BINJAI;CICIL_EMAS;Consumer;24;12;454;146;804;33;47;0;15;75;180;175;880;3.316;136;877;431;109;22
482 - MEDAN BARU;214 - KCP BINJAI;KPR;Consumer;0;0;0;0;0;0;0;0;0;0;0;0;0;0;0;0;0;0;0
482 - MEDAN BARU;214 - KCP BINJAI;MULTIGUNA;Consumer;0;0;0;0;0;0;0;0;700;0;350;0;390;50;100;100;312;0;0
482 - MEDAN BARU;214 - KCP BINJAI;PROHAJJ;Consumer;0;0;0;0;0;0;0;0;0;0;0;0;0;0;140;0;0;0;0
482 - MEDAN BARU;214 - KCP BINJAI;SME;SME;0;0;0;0;0;0;0;0;0;0;0;0;0;0;0;0;0;0;0
211 - MEDAN BALAIKOTA;215 - KCP SUKARAMAI;CICIL_EMAS;Consumer;15;197;103;7;225;433;47;124;69;266;599;274;698;616;536;207;489;156;0
211 - MEDAN BALAIKOTA;215 - KCP SUKARAMAI;KPR;Consumer;0;0;0;0;0;0;0;0;0;0;0;0;0;0;0;0;0;0;0
211 - MEDAN BALAIKOTA;215 - KCP SUKARAMAI;MULTIGUNA;Consumer;200;0;0;20;183;110;50;150;50;20;45;0;140;0;0;0;0;200;0
211 - MEDAN BALAIKOTA;215 - KCP SUKARAMAI;PROHAJJ;Consumer;0;0;0;0;0;0;0;0;0;140;0;140;0;0;0;0;0;0;0
211 - MEDAN BALAIKOTA;215 - KCP SUKARAMAI;SME;SME;0;0;0;0;0;0;0;0;0;0;0;0;0;0;5.000;0;2.100;0;0
221 - PEKANBARU;221 - PEKANBARU;CICIL_EMAS;Consumer;0;34;2.544;364;1.094;610;0;483;2.001;839;1.053;859;2.261;2.652;1.930;1.738;562;1.963;41
221 - PEKANBARU;221 - PEKANBARU;KPR;Consumer;0;0;0;0;0;0;170;0;0;148;0;215;0;0;0;200;250;495;0
221 - PEKANBARU;221 - PEKANBARU;MULTIGUNA;Consumer;130;0;0;716;127;39;1.070;190;200;24;40;232;232;0;50;0;0;20;0
221 - PEKANBARU;221 - PEKANBARU;PROHAJJ;Consumer;0;0;0;0;0;0;0;0;0;0;0;0;0;0;0;0;220;0;0
221 - PEKANBARU;221 - PEKANBARU;SME;SME;20.000;0;0;0;0;10.000;0;0;0;0;0;0;5.000;5.500;0;0;200;0;0
221 - PEKANBARU;227 - KCP KAMPAR;CICIL_EMAS;Consumer;0;8;151;597;997;378;282;186;554;276;786;670;1.392;4.862;161;754;1.102;261;204
221 - PEKANBARU;227 - KCP KAMPAR;KPR;Consumer;0;0;0;0;0;0;0;0;0;0;0;0;0;0;0;0;0;0;0
221 - PEKANBARU;227 - KCP KAMPAR;MULTIGUNA;Consumer;177;0;140;108;406;404;485;403;389;137;409;115;264;195;200;65;70;95;0
221 - PEKANBARU;227 - KCP KAMPAR;PROHAJJ;Consumer;0;0;110;0;0;140;0;0;110;140;90;280;420;140;70;0;110;0;0
221 - PEKANBARU;227 - KCP KAMPAR;SME;SME;500;0;0;0;0;0;0;0;0;0;0;0;0;0;0;0;0;0;0
211 - MEDAN BALAIKOTA;230 - KCP SERDANG;CICIL_EMAS;Consumer;12;12;675;13;49;22;47;38;72;80;1.664;121;709;758;1.656;963;112;769;146
211 - MEDAN BALAIKOTA;230 - KCP SERDANG;KPR;Consumer;0;0;0;0;0;0;0;0;0;0;0;0;0;0;0;0;0;0;0
211 - MEDAN BALAIKOTA;230 - KCP SERDANG;MULTIGUNA;Consumer;0;0;0;0;0;0;0;0;0;0;0;0;0;0;0;0;0;0;0
211 - MEDAN BALAIKOTA;230 - KCP SERDANG;PROHAJJ;Consumer;0;0;0;0;0;0;0;0;0;0;0;0;0;0;0;0;0;0;0
211 - MEDAN BALAIKOTA;230 - KCP SERDANG;SME;SME;0;0;0;200;0;0;0;0;0;0;0;0;0;0;0;6.500;0;0;0
211 - MEDAN BALAIKOTA;231 - PADANGSIDIMPUAN;CICIL_EMAS;Consumer;0;15;157;115;266;606;150;160;149;111;732;886;352;539;269;940;738;179;176
211 - MEDAN BALAIKOTA;231 - PADANGSIDIMPUAN;KPR;Consumer;0;0;0;0;0;0;0;0;0;0;0;0;0;0;0;0;0;0;0
211 - MEDAN BALAIKOTA;231 - PADANGSIDIMPUAN;MULTIGUNA;Consumer;2.530;200;199;320;193;230;115;117;729;265;268;70;624;465;397;95;220;245;80
211 - MEDAN BALAIKOTA;231 - PADANGSIDIMPUAN;PROHAJJ;Consumer;0;0;0;0;0;0;0;0;0;0;0;0;0;50;0;0;0;0;0
211 - MEDAN BALAIKOTA;231 - PADANGSIDIMPUAN;SME;SME;0;0;0;0;0;0;0;0;0;0;0;0;0;0;0;0;0;0;0
211 - MEDAN BALAIKOTA;233 - KCP PANYABUNGAN;CICIL_EMAS;Consumer;0;78;20;0;41;0;0;0;276;43;404;1.537;94;322;636;105;542;150;54
211 - MEDAN BALAIKOTA;233 - KCP PANYABUNGAN;KPR;Consumer;0;0;0;0;0;0;0;0;0;0;0;0;0;0;0;0;0;0;0
211 - MEDAN BALAIKOTA;233 - KCP PANYABUNGAN;MULTIGUNA;Consumer;50;60;105;40;0;213;0;0;40;0;0;25;0;0;120;0;0;50;0
211 - MEDAN BALAIKOTA;233 - KCP PANYABUNGAN;PROHAJJ;Consumer;0;0;0;0;0;0;0;0;0;0;0;0;0;0;0;0;0;0;0
211 - MEDAN BALAIKOTA;233 - KCP PANYABUNGAN;SME;SME;0;0;0;0;0;0;0;0;0;0;0;0;0;0;0;0;0;0;0
241 - BANDA ACEH;241 - BANDA ACEH;CICIL_EMAS;Consumer;0;41;77;33;23;115;47;19;47;82;182;135;179;613;454;182;135;53;143
241 - BANDA ACEH;241 - BANDA ACEH;KPR;Consumer;0;0;0;304;0;0;0;0;0;0;0;0;350;0;0;0;0;0;0
241 - BANDA ACEH;241 - BANDA ACEH;MULTIGUNA;Consumer;100;0;0;0;0;0;0;0;0;25;0;0;0;0;0;0;0;0;0
241 - BANDA ACEH;241 - BANDA ACEH;PROHAJJ;Consumer;0;0;0;0;0;0;0;0;0;0;0;0;0;0;0;0;0;0;0
241 - BANDA ACEH;241 - BANDA ACEH;SME;SME;0;0;0;0;0;0;0;0;0;0;0;0;0;0;0;0;0;0;0
482 - MEDAN BARU;251 - PEMATANG SIANTAR;CICIL_EMAS;Consumer;0;16;129;13;58;0;189;0;15;40;274;129;96;267;542;316;750;124;0
482 - MEDAN BARU;251 - PEMATANG SIANTAR;KPR;Consumer;0;0;0;0;0;0;0;0;0;0;0;0;0;0;0;0;0;0;0
482 - MEDAN BARU;251 - PEMATANG SIANTAR;MULTIGUNA;Consumer;0;0;0;0;0;0;0;0;0;0;0;0;0;0;0;0;0;0;0
482 - MEDAN BARU;251 - PEMATANG SIANTAR;PROHAJJ;Consumer;0;0;0;0;0;0;0;0;0;0;0;0;0;0;0;0;0;0;0
482 - MEDAN BARU;251 - PEMATANG SIANTAR;SME;SME;0;0;0;0;0;0;0;0;0;0;0;0;0;0;0;0;0;0;0
482 - MEDAN BARU;252 - KCP KISARAN;CICIL_EMAS;Consumer;0;13;217;68;225;123;51;8;24;35;267;523;283;92;14;1.020;385;374;0
482 - MEDAN BARU;252 - KCP KISARAN;KPR;Consumer;0;0;0;0;0;0;0;0;0;0;0;0;0;0;0;0;0;0;0
482 - MEDAN BARU;252 - KCP KISARAN;MULTIGUNA;Consumer;15;0;0;0;0;65;0;1.005;2.722;1.910;1.150;555;1.112;415;623;0;0;0;0
482 - MEDAN BARU;252 - KCP KISARAN;PROHAJJ;Consumer;0;0;0;0;0;0;0;0;0;280;0;140;70;0;0;0;0;2.492;576
482 - MEDAN BARU;252 - KCP KISARAN;SME;SME;0;0;0;0;0;0;0;0;0;0;1.000;0;0;0;0;0;0;1.750;0
241 - BANDA ACEH;261 - LANGSA;CICIL_EMAS;Consumer;0;0;0;7;0;0;38;0;53;33;235;231;26;260;14;219;112;399;565
241 - BANDA ACEH;261 - LANGSA;KPR;Consumer;0;0;0;0;0;0;0;0;0;0;0;0;0;0;0;0;0;0;0
241 - BANDA ACEH;261 - LANGSA;MULTIGUNA;Consumer;35;0;0;0;30;0;0;30;15;0;0;0;190;0;0;0;0;0;0
241 - BANDA ACEH;261 - LANGSA;PROHAJJ;Consumer;0;0;0;0;0;0;0;0;0;0;0;140;0;0;0;0;0;0;0
241 - BANDA ACEH;261 - LANGSA;SME;SME;0;0;0;0;0;0;0;0;0;0;0;0;0;0;0;0;0;0;0
241 - BANDA ACEH;262 - KCP LHOKSEUMAWE;CICIL_EMAS;Consumer;0;8;295;662;531;312;244;47;442;562;572;977;1.080;1.335;1.011;1.162;1.329;674;364
241 - BANDA ACEH;262 - KCP LHOKSEUMAWE;KPR;Consumer;0;0;0;0;0;0;0;0;0;0;0;0;0;0;0;0;0;0;0
241 - BANDA ACEH;262 - KCP LHOKSEUMAWE;MULTIGUNA;Consumer;49;0;30;48;0;128;0;0;50;25;0;0;35;0;30;0;0;15;30
241 - BANDA ACEH;262 - KCP LHOKSEUMAWE;PROHAJJ;Consumer;0;0;0;0;0;0;0;0;0;0;0;0;0;0;0;0;140;0;0
241 - BANDA ACEH;262 - KCP LHOKSEUMAWE;SME;SME;0;0;0;0;0;1.500;0;0;0;0;0;0;0;0;0;0;0;0;0
351 - LAMPUNG;351 - LAMPUNG;CICIL_EMAS;Consumer;0;62;276;233;812;463;610;237;1.006;485;2.083;2.159;4.244;2.366;1.387;276;518;485;109
351 - LAMPUNG;351 - LAMPUNG;KPR;Consumer;0;0;0;0;0;0;636;0;255;0;280;0;0;100;0;0;0;0;0
351 - LAMPUNG;351 - LAMPUNG;MULTIGUNA;Consumer;2.157;458;298;479;122;364;95;114;234;180;50;0;444;236;0;0;0;0;0
351 - LAMPUNG;351 - LAMPUNG;PROHAJJ;Consumer;0;0;0;0;0;0;0;0;0;0;0;0;0;0;0;0;0;0;0
351 - LAMPUNG;351 - LAMPUNG;SME;SME;0;0;0;1.700;0;0;6.000;0;0;4.100;6.500;20.000;4.000;0;0;0;0;0;0
351 - LAMPUNG;352 - KCP BANDAR JAYA;CICIL_EMAS;Consumer;0;41;90;126;179;129;3.337;195;363;942;2.081;3.864;363;4.417;1.432;439;138;123;68
351 - LAMPUNG;352 - KCP BANDAR JAYA;KPR;Consumer;0;0;0;0;0;0;0;0;0;0;0;0;0;0;0;0;0;0;0
351 - LAMPUNG;352 - KCP BANDAR JAYA;MULTIGUNA;Consumer;100;0;0;0;0;0;0;110;0;0;0;0;0;0;0;0;0;0;0
351 - LAMPUNG;352 - KCP BANDAR JAYA;PROHAJJ;Consumer;0;0;0;0;0;0;0;0;0;0;0;0;0;0;0;0;0;0;0
351 - LAMPUNG;352 - KCP BANDAR JAYA;SME;SME;0;0;0;0;0;0;0;0;0;0;0;0;0;0;0;0;0;0;0
351 - LAMPUNG;353 - KCP METRO LAMPUNG;CICIL_EMAS;Consumer;0;70;85;63;266;622;48;120;382;604;567;680;1.776;1.180;1.237;982;369;247;55
351 - LAMPUNG;353 - KCP METRO LAMPUNG;KPR;Consumer;0;0;0;0;0;0;0;0;0;0;0;0;0;0;0;0;0;0;0
351 - LAMPUNG;353 - KCP METRO LAMPUNG;MULTIGUNA;Consumer;101;0;530;418;302;100;588;70;95;580;502;910;600;190;287;25;170;20;0
351 - LAMPUNG;353 - KCP METRO LAMPUNG;PROHAJJ;Consumer;0;0;0;0;0;0;0;0;0;0;0;0;0;0;0;0;0;0;0
351 - LAMPUNG;353 - KCP METRO LAMPUNG;SME;SME;0;0;0;0;0;0;0;0;0;0;0;0;0;0;0;0;0;0;0
351 - LAMPUNG;355 - KCP ZA PAGAR ALAM LAMPUNG;CICIL_EMAS;Consumer;0;6;239;144;196;162;196;19;208;209;1.506;806;1.764;1.709;1.258;1.687;400;254;121
351 - LAMPUNG;355 - KCP ZA PAGAR ALAM LAMPUNG;KPR;Consumer;0;0;0;0;0;300;0;0;0;0;0;0;0;0;0;0;0;0;0
351 - LAMPUNG;355 - KCP ZA PAGAR ALAM LAMPUNG;MULTIGUNA;Consumer;270;0;149;430;15;50;183;137;85;295;63;150;35;30;65;0;250;130;0
351 - LAMPUNG;355 - KCP ZA PAGAR ALAM LAMPUNG;PROHAJJ;Consumer;0;0;0;0;0;0;0;0;0;0;0;110;70;0;0;140;0;0;0
351 - LAMPUNG;355 - KCP ZA PAGAR ALAM LAMPUNG;SME;SME;0;0;0;0;0;0;0;0;0;0;0;0;0;0;0;0;0;0;0
351 - LAMPUNG;356 - KCP KOTABUMI LAMPUNG;CICIL_EMAS;Consumer;0;8;0;34;6.945;390;0;150;555;475;2.853;1.394;1.671;2.110;1.005;2.017;139;187;0
351 - LAMPUNG;356 - KCP KOTABUMI LAMPUNG;KPR;Consumer;0;0;0;0;0;0;0;0;0;0;0;0;0;0;0;0;0;0;0
351 - LAMPUNG;356 - KCP KOTABUMI LAMPUNG;MULTIGUNA;Consumer;80;75;159;243;0;0;0;0;0;90;262;0;110;30;113;90;0;0;0
351 - LAMPUNG;356 - KCP KOTABUMI LAMPUNG;PROHAJJ;Consumer;0;0;0;70;0;0;0;70;140;0;0;0;0;140;0;0;90;0;0
351 - LAMPUNG;356 - KCP KOTABUMI LAMPUNG;SME;SME;0;0;0;0;0;0;0;0;0;0;0;0;0;0;0;0;0;0;0
361 - PALEMBANG;361 - PALEMBANG;CICIL_EMAS;Consumer;0;28;118;118;479;254;0;346;290;619;1.854;1.839;2.904;1.462;1.042;3.008;464;466;271
361 - PALEMBANG;361 - PALEMBANG;KPR;Consumer;0;0;0;0;0;0;0;284;0;0;0;0;0;0;0;0;0;0;0
361 - PALEMBANG;361 - PALEMBANG;MULTIGUNA;Consumer;405;200;75;1.332;0;0;115;1.025;200;185;0;130;100;0;200;250;950;0;0
361 - PALEMBANG;361 - PALEMBANG;PROHAJJ;Consumer;0;0;0;0;0;0;0;0;0;210;350;350;980;210;140;0;0;428;0
361 - PALEMBANG;361 - PALEMBANG;SME;SME;0;0;0;0;0;0;0;0;0;0;0;0;0;0;0;0;0;0;0
361 - PALEMBANG;366 - KCP PLAJU;CICIL_EMAS;Consumer;0;0;222;0;477;94;94;0;0;71;723;1.398;734;541;886;335;284;83;0
361 - PALEMBANG;366 - KCP PLAJU;KPR;Consumer;0;0;0;0;0;0;0;0;0;0;0;0;0;0;0;0;0;0;0
361 - PALEMBANG;366 - KCP PLAJU;MULTIGUNA;Consumer;504;335;530;638;584;716;682;1.253;314;398;377;777;398;493;162;395;430;128;190
361 - PALEMBANG;366 - KCP PLAJU;PROHAJJ;Consumer;0;0;0;0;0;0;280;70;0;0;70;140;0;0;140;0;0;0;0
361 - PALEMBANG;366 - KCP PLAJU;SME;SME;0;0;0;0;0;0;0;0;0;0;0;0;0;0;0;0;0;0;0
371 - PANGKAL PINANG;371 - PANGKAL PINANG;CICIL_EMAS;Consumer;0;37;405;73;1.685;267;277;685;57;902;1.065;459;1.661;3.480;449;958;757;668;24
371 - PANGKAL PINANG;371 - PANGKAL PINANG;KPR;Consumer;0;0;0;0;350;0;0;0;200;0;0;0;0;0;369;0;0;0;0
371 - PANGKAL PINANG;371 - PANGKAL PINANG;MULTIGUNA;Consumer;0;0;0;0;0;210;100;15;130;0;60;0;0;130;0;100;100;0;0
371 - PANGKAL PINANG;371 - PANGKAL PINANG;PROHAJJ;Consumer;0;0;0;0;0;140;0;70;195;420;280;280;0;0;0;0;0;0;0
371 - PANGKAL PINANG;371 - PANGKAL PINANG;SME;SME;0;0;0;0;0;0;0;0;0;0;0;289;0;0;0;0;0;0;0
371 - PANGKAL PINANG;372 - KCP TANJUNG PANDAN;CICIL_EMAS;Consumer;0;0;91;81;367;340;283;83;291;604;1.077;1.530;778;551;1.543;921;584;370;55
371 - PANGKAL PINANG;372 - KCP TANJUNG PANDAN;KPR;Consumer;0;0;0;0;0;0;0;0;0;0;0;0;0;0;0;0;0;0;0
371 - PANGKAL PINANG;372 - KCP TANJUNG PANDAN;MULTIGUNA;Consumer;0;370;0;0;0;0;0;0;0;0;0;0;0;0;0;0;0;0;0
371 - PANGKAL PINANG;372 - KCP TANJUNG PANDAN;PROHAJJ;Consumer;0;0;0;0;0;0;0;0;0;0;0;0;0;0;0;0;0;0;0
371 - PANGKAL PINANG;372 - KCP TANJUNG PANDAN;SME;SME;0;0;0;0;0;0;0;0;0;0;0;0;0;0;0;0;0;0;0
371 - PANGKAL PINANG;373 - KCP SUNGAILIAT;CICIL_EMAS;Consumer;0;20;46;33;505;662;75;214;169;793;866;545;1.259;1.317;991;647;1.006;1.384;82
371 - PANGKAL PINANG;373 - KCP SUNGAILIAT;KPR;Consumer;0;0;0;0;0;0;0;0;0;0;0;0;0;0;0;0;0;0;0
371 - PANGKAL PINANG;373 - KCP SUNGAILIAT;MULTIGUNA;Consumer;0;50;0;0;0;0;0;0;0;0;0;0;0;85;0;0;0;150;0
371 - PANGKAL PINANG;373 - KCP SUNGAILIAT;PROHAJJ;Consumer;0;0;110;0;0;0;0;0;0;0;0;0;0;0;0;0;0;0;0
371 - PANGKAL PINANG;373 - KCP SUNGAILIAT;SME;SME;0;0;0;0;0;0;0;0;0;0;0;0;0;0;0;0;0;0;0
361 - PALEMBANG;398 - KCP BATURAJA;CICIL_EMAS;Consumer;0;0;339;308;249;92;74;56;155;505;2.220;1.379;2.106;1.265;335;389;671;496;0
361 - PALEMBANG;398 - KCP BATURAJA;KPR;Consumer;0;0;0;0;0;0;0;0;0;0;0;0;0;0;0;0;0;0;0
361 - PALEMBANG;398 - KCP BATURAJA;MULTIGUNA;Consumer;0;300;0;95;0;240;55;0;0;0;135;0;0;0;0;0;0;265;0
361 - PALEMBANG;398 - KCP BATURAJA;PROHAJJ;Consumer;0;0;0;0;0;0;0;0;0;140;0;0;0;0;0;0;0;0;0
361 - PALEMBANG;398 - KCP BATURAJA;SME;SME;0;0;0;0;0;0;0;0;0;0;0;0;0;0;0;0;0;0;0
361 - PALEMBANG;401 - KCP ENIM;CICIL_EMAS;Consumer;0;0;131;0;246;252;0;0;89;89;98;280;318;463;113;279;207;369;0
361 - PALEMBANG;401 - KCP ENIM;KPR;Consumer;0;0;0;0;0;0;0;0;0;0;0;0;0;0;0;0;0;0;0
361 - PALEMBANG;401 - KCP ENIM;MULTIGUNA;Consumer;49;0;0;0;180;0;0;0;0;0;0;0;0;0;0;0;0;0;0
361 - PALEMBANG;401 - KCP ENIM;PROHAJJ;Consumer;0;0;0;0;0;0;0;0;0;0;0;0;0;0;0;0;0;0;0
361 - PALEMBANG;401 - KCP ENIM;SME;SME;0;0;0;0;0;0;0;0;0;0;0;0;0;0;0;0;0;0;0
221 - PEKANBARU;411 - BATAM;CICIL_EMAS;Consumer;0;92;1.164;1.038;469;359;283;0;56;356;299;512;725;495;775;532;323;1.466;340
221 - PEKANBARU;411 - BATAM;KPR;Consumer;0;0;0;0;0;0;0;826;440;0;0;50;641;0;0;0;0;0;0
221 - PEKANBARU;411 - BATAM;MULTIGUNA;Consumer;0;173;150;370;71;226;277;456;0;264;266;850;0;50;104;80;0;275;0
221 - PEKANBARU;411 - BATAM;PROHAJJ;Consumer;0;0;0;70;0;0;0;0;340;280;140;0;220;350;470;280;0;0;144
221 - PEKANBARU;411 - BATAM;SME;SME;0;0;0;0;0;0;0;0;0;0;0;0;0;0;0;0;0;0;0
421 - PADANG;421 - PADANG;CICIL_EMAS;Consumer;0;152;227;932;717;755;234;9;471;799;2.322;1.103;2.367;4.677;795;1.672;381;703;95
421 - PADANG;421 - PADANG;KPR;Consumer;0;253;0;319;0;785;1.205;1.204;850;1.891;1.492;832;2.060;0;0;0;999;0;0
421 - PADANG;421 - PADANG;MULTIGUNA;Consumer;229;65;318;0;50;135;408;113;50;365;290;650;40;175;181;0;0;396;0
421 - PADANG;421 - PADANG;PROHAJJ;Consumer;0;0;0;0;0;0;0;0;0;0;0;140;420;0;280;140;490;424;0
421 - PADANG;421 - PADANG;SME;SME;0;0;1.000;3.500;0;0;0;1.500;2.850;0;0;0;0;0;4.406;1.668;748;0;363
421 - PADANG;422 - KCP BUKITTINGGI;CICIL_EMAS;Consumer;0;16;59;340;57;136;0;15;71;178;606;251;948;746;343;273;179;358;122
421 - PADANG;422 - KCP BUKITTINGGI;KPR;Consumer;0;158;0;0;0;0;0;0;0;0;0;0;0;0;0;0;0;0;0
421 - PADANG;422 - KCP BUKITTINGGI;MULTIGUNA;Consumer;0;50;15;200;50;0;155;0;250;0;95;0;0;0;180;0;0;0;0
421 - PADANG;422 - KCP BUKITTINGGI;PROHAJJ;Consumer;140;0;0;0;0;0;0;0;0;0;0;0;0;0;0;0;0;0;0
421 - PADANG;422 - KCP BUKITTINGGI;SME;SME;0;0;0;0;0;0;0;0;0;0;0;0;0;0;0;0;0;0;0
421 - PADANG;423 - KCP PAYAKUMBUH;CICIL_EMAS;Consumer;0;76;421;172;439;272;142;0;7;210;170;256;1.613;674;1.729;2.982;573;208;217
421 - PADANG;423 - KCP PAYAKUMBUH;KPR;Consumer;0;0;0;0;0;0;0;0;0;0;3.000;0;0;0;0;0;0;0;0
421 - PADANG;423 - KCP PAYAKUMBUH;MULTIGUNA;Consumer;80;100;1.070;10;0;83;190;19;200;25;40;0;0;0;0;935;0;0;0
421 - PADANG;423 - KCP PAYAKUMBUH;PROHAJJ;Consumer;0;0;0;0;0;0;0;0;0;0;0;0;0;0;0;0;0;0;0
421 - PADANG;423 - KCP PAYAKUMBUH;SME;SME;0;0;0;0;0;0;0;0;0;0;0;0;0;0;0;0;0;0;0
421 - PADANG;424 - KCP SOLOK;CICIL_EMAS;Consumer;0;16;117;60;18;27;0;18;0;25;278;498;760;1.124;231;133;629;55;33
421 - PADANG;424 - KCP SOLOK;KPR;Consumer;0;0;0;0;0;0;0;0;0;0;0;0;0;0;0;0;0;0;0
421 - PADANG;424 - KCP SOLOK;MULTIGUNA;Consumer;0;0;0;0;65;0;0;229;460;494;325;195;198;249;0;60;158;100;0
421 - PADANG;424 - KCP SOLOK;PROHAJJ;Consumer;0;0;0;0;0;0;0;0;0;70;0;0;0;0;0;0;0;0;0
421 - PADANG;424 - KCP SOLOK;SME;SME;0;0;0;0;0;0;0;0;0;0;0;0;0;0;0;0;0;0;0
431 - BENGKULU;431 - BENGKULU;CICIL_EMAS;Consumer;0;74;327;61;132;615;93;52;385;225;1.338;3.436;1.973;1.709;5.367;1.860;3.123;345;455
431 - BENGKULU;431 - BENGKULU;KPR;Consumer;0;0;0;0;0;0;0;0;0;0;0;0;0;0;0;0;0;0;0
431 - BENGKULU;431 - BENGKULU;MULTIGUNA;Consumer;500;0;250;65;0;336;48;1.155;0;300;0;0;325;0;0;0;0;189;0
431 - BENGKULU;431 - BENGKULU;PROHAJJ;Consumer;0;0;0;0;0;0;0;0;0;0;0;0;140;0;0;0;0;0;0
431 - BENGKULU;431 - BENGKULU;SME;SME;0;0;800;0;0;0;450;0;16.999;0;0;757;3.000;1.492;0;253;900;0;0
431 - BENGKULU;432 - KCP CURUP;CICIL_EMAS;Consumer;0;25;138;326;192;470;77;37;73;145;384;309;825;750;851;1.327;830;238;163
431 - BENGKULU;432 - KCP CURUP;KPR;Consumer;0;0;0;0;0;0;0;0;0;0;0;0;0;0;0;0;0;0;0
431 - BENGKULU;432 - KCP CURUP;MULTIGUNA;Consumer;55;203;237;250;80;154;300;115;1.986;1.057;545;810;280;890;438;465;363;305;0
431 - BENGKULU;432 - KCP CURUP;PROHAJJ;Consumer;0;0;0;0;0;0;0;0;0;0;0;0;0;0;0;0;0;0;0
431 - BENGKULU;432 - KCP CURUP;SME;SME;0;0;0;0;0;0;0;0;0;0;0;0;0;0;0;0;0;0;0
431 - BENGKULU;441 - JAMBI;CICIL_EMAS;Consumer;0;15;40;41;86;90;0;202;114;230;1.574;1.545;416;433;402;715;318;42;122
431 - BENGKULU;441 - JAMBI;KPR;Consumer;0;0;0;0;0;0;0;0;0;0;0;0;0;0;0;0;240;0;0
431 - BENGKULU;441 - JAMBI;MULTIGUNA;Consumer;379;278;300;50;124;330;220;239;558;157;20;0;318;120;630;238;229;336;0
431 - BENGKULU;441 - JAMBI;PROHAJJ;Consumer;0;0;0;0;0;0;0;0;0;0;70;280;280;280;0;140;540;432;0
431 - BENGKULU;441 - JAMBI;SME;SME;0;0;0;0;0;0;0;0;0;0;0;0;0;0;0;0;0;0;0
431 - BENGKULU;442 - KCP MUARA BUNGO;CICIL_EMAS;Consumer;0;25;460;33;553;185;0;0;0;632;629;438;532;314;753;717;311;520;54
431 - BENGKULU;442 - KCP MUARA BUNGO;KPR;Consumer;0;0;0;0;0;0;0;0;0;0;0;0;0;0;0;0;0;0;0
431 - BENGKULU;442 - KCP MUARA BUNGO;MULTIGUNA;Consumer;50;0;100;800;0;175;520;80;894;256;270;465;0;200;185;100;300;0;0
431 - BENGKULU;442 - KCP MUARA BUNGO;PROHAJJ;Consumer;0;0;0;0;0;0;0;0;0;0;0;0;0;0;0;0;0;0;0
431 - BENGKULU;442 - KCP MUARA BUNGO;SME;SME;0;0;0;0;0;0;0;0;0;0;0;0;0;0;0;0;0;0;0
221 - PEKANBARU;451 - TANJUNG PINANG;CICIL_EMAS;Consumer;0;10;313;206;373;1.064;279;157;354;172;969;908;1.040;1.492;2.242;1.366;1.210;27;122
221 - PEKANBARU;451 - TANJUNG PINANG;KPR;Consumer;0;0;0;0;0;0;0;0;0;155;0;0;300;0;0;0;0;0;0
221 - PEKANBARU;451 - TANJUNG PINANG;MULTIGUNA;Consumer;0;565;75;274;0;316;84;73;0;690;0;133;136;0;0;0;0;70;0
221 - PEKANBARU;451 - TANJUNG PINANG;PROHAJJ;Consumer;70;0;0;0;0;0;0;0;0;0;0;0;0;0;0;280;0;140;0
221 - PEKANBARU;451 - TANJUNG PINANG;SME;SME;0;0;0;0;0;0;0;0;0;0;0;0;0;0;0;0;0;0;0
482 - MEDAN BARU;467 - KCP STABAT;CICIL_EMAS;Consumer;29;0;33;0;250;45;0;0;41;82;281;190;186;749;523;1.432;1.010;549;61
482 - MEDAN BARU;467 - KCP STABAT;KPR;Consumer;0;0;0;0;0;0;0;0;0;0;0;0;0;0;0;0;0;0;0
482 - MEDAN BARU;467 - KCP STABAT;MULTIGUNA;Consumer;0;0;0;0;0;100;0;0;0;0;0;0;0;0;0;0;0;0;0
482 - MEDAN BARU;467 - KCP STABAT;PROHAJJ;Consumer;0;0;0;0;0;0;0;0;0;0;0;0;0;0;0;0;0;144;0
482 - MEDAN BARU;467 - KCP STABAT;SME;SME;0;0;0;0;0;0;0;0;0;0;0;0;0;0;0;0;0;0;0
431 - BENGKULU;473 - KCP MANNA BENGKULU;CICIL_EMAS;Consumer;0;15;167;53;68;0;0;0;47;80;130;180;896;136;177;165;349;206;0
431 - BENGKULU;473 - KCP MANNA BENGKULU;KPR;Consumer;0;0;0;0;0;0;0;0;0;0;0;0;0;0;0;0;0;0;0
431 - BENGKULU;473 - KCP MANNA BENGKULU;MULTIGUNA;Consumer;18;0;20;0;0;50;0;0;0;0;0;0;0;18;18;0;0;0;0
431 - BENGKULU;473 - KCP MANNA BENGKULU;PROHAJJ;Consumer;0;0;0;0;0;0;0;0;0;0;0;0;0;0;0;0;0;0;0
431 - BENGKULU;473 - KCP MANNA BENGKULU;SME;SME;0;0;0;0;0;0;0;0;0;0;0;0;0;0;0;0;0;0;0
431 - BENGKULU;474 - KCP ARGA MAKMUR;CICIL_EMAS;Consumer;0;8;13;33;0;0;85;15;152;25;1.784;1.215;1.073;327;386;362;71;137;27
431 - BENGKULU;474 - KCP ARGA MAKMUR;KPR;Consumer;0;0;0;0;0;0;0;0;0;0;0;0;0;0;0;0;0;0;0
431 - BENGKULU;474 - KCP ARGA MAKMUR;MULTIGUNA;Consumer;0;0;0;0;0;0;0;0;0;0;0;0;0;355;0;120;0;150;0
431 - BENGKULU;474 - KCP ARGA MAKMUR;PROHAJJ;Consumer;0;0;0;0;0;0;0;0;0;0;0;0;0;0;0;0;0;0;0
431 - BENGKULU;474 - KCP ARGA MAKMUR;SME;SME;0;0;0;0;0;0;0;0;0;0;0;0;0;0;0;0;0;0;0
482 - MEDAN BARU;482 - MEDAN BARU;CICIL_EMAS;Consumer;27;37;113;128;66;111;140;18;209;520;905;1.309;1.724;2.585;1.211;2.457;1.139;1.002;1.723
482 - MEDAN BARU;482 - MEDAN BARU;KPR;Consumer;0;0;0;0;0;0;0;475;450;0;0;0;0;0;0;700;0;0;0
482 - MEDAN BARU;482 - MEDAN BARU;MULTIGUNA;Consumer;110;0;128;1.200;120;100;0;203;130;175;37;60;345;0;70;200;40;58;0
482 - MEDAN BARU;482 - MEDAN BARU;PROHAJJ;Consumer;0;0;0;0;0;0;0;140;0;0;0;140;210;0;0;0;0;0;0
482 - MEDAN BARU;482 - MEDAN BARU;SME;SME;0;0;0;0;0;0;0;0;0;0;0;0;0;0;0;0;0;0;0
371 - PANGKAL PINANG;495 - KCP KOBA;CICIL_EMAS;Consumer;0;0;8;20;76;111;0;46;228;112;191;234;449;90;130;141;494;152;27
371 - PANGKAL PINANG;495 - KCP KOBA;KPR;Consumer;0;0;0;0;0;0;0;0;0;0;0;0;0;0;0;0;0;0;0
371 - PANGKAL PINANG;495 - KCP KOBA;MULTIGUNA;Consumer;600;80;0;0;0;0;65;0;0;0;0;170;0;0;0;0;0;0;0
371 - PANGKAL PINANG;495 - KCP KOBA;PROHAJJ;Consumer;0;0;0;0;0;0;0;0;0;0;0;0;0;0;0;0;0;0;0
371 - PANGKAL PINANG;495 - KCP KOBA;SME;SME;0;0;0;0;0;0;0;0;0;0;0;0;0;0;0;0;0;0;0
